Usuario,Saldo inicial,Deducciones,Saldo neto
Juan,1858620,315965.4,1542654.6
Leo,1852019,314843.23000000004,1537175.77
Maria,1834598,311881.66000000003,1522716.3399999999
Jorge,1368534,232650.78,1135883.22
Brandon,1951924,331827.08,1620096.92
Ana,366371,62283.07,304087.93
Pablo,1058487,179942.79,878544.21
Ron,1901444,323245.48000000004,1578198.52
Luis,1507918,256346.06000000003,1251571.94
Jose,985633,167557.61000000002,818075.39
